{"mean":{"confidence_interval":{"confidence_level":0.95,"lower_bound":4.181794109205426,"upper_bound":4.185208532015618},"point_estimate":4.183180037085686,"standard_error":0.0008974389617439778},"median":{"confidence_interval":{"confidence_level":0.95,"lower_bound":4.181435045124395,"upper_bound":4.18268079375221},"point_estimate":4.181922096708314,"standard_error":0.00031177238452028826},"median_abs_dev":{"confidence_interval":{"confidence_level":0.95,"lower_bound":0.0016665056193692132,"upper_bound":0.002921711040660002},"point_estimate":0.002116157519048798,"standard_error":0.00031898502409135335},"slope":{"confidence_interval":{"confidence_level":0.95,"lower_bound":4.1822708493937455,"upper_bound":4.183525109156184},"point_estimate":4.182862900556069,"standard_error":0.0003205461768445385},"std_dev":{"confidence_interval":{"confidence_level":0.95,"lower_bound":0.0029811828592050085,"upper_bound":0.0147086607940519},"point_estimate":0.009059263069879786,"standard_error":0.0037417811127711483}}