{"mean":{"confidence_interval":{"confidence_level":0.95,"lower_bound":4.109541374756997,"upper_bound":4.118288550588219},"point_estimate":4.113925739097426,"standard_error":0.0022347442583291496},"median":{"confidence_interval":{"confidence_level":0.95,"lower_bound":4.110504746928414,"upper_bound":4.121603788216248},"point_estimate":4.115751458480306,"standard_error":0.0027553743809040935},"median_abs_dev":{"confidence_interval":{"confidence_level":0.95,"lower_bound":0.018545916795930425,"upper_bound":0.031583000908644215},"point_estimate":0.022480550904066803,"standard_error":0.0032842010075181463},"slope":{"confidence_interval":{"confidence_level":0.95,"lower_bound":4.122759993886671,"upper_bound":4.129918506552327},"point_estimate":4.126425063032211,"standard_error":0.0018286225256328378},"std_dev":{"confidence_interval":{"confidence_level":0.95,"lower_bound":0.019667554189021722,"upper_bound":0.024768057554290825},"point_estimate":0.022369155781098254,"standard_error":0.0013045131398736775}}