{"mean":{"confidence_interval":{"confidence_level":0.95,"lower_bound":3.8758287553802595,"upper_bound":3.8808303759640514},"point_estimate":3.8781474836003964,"standard_error":0.0012837291515783804},"median":{"confidence_interval":{"confidence_level":0.95,"lower_bound":3.8731707154384925,"upper_bound":3.874114440122615},"point_estimate":3.873650145989987,"standard_error":0.00027575951786125755},"median_abs_dev":{"confidence_interval":{"confidence_level":0.95,"lower_bound":0.0016503472511693504,"upper_bound":0.003408768298095802},"point_estimate":0.0023830559773567214,"standard_error":0.0004528502993766653},"slope":{"confidence_interval":{"confidence_level":0.95,"lower_bound":3.879823715521289,"upper_bound":3.8905055702865585},"point_estimate":3.8851107367847186,"standard_error":0.002741270646139319},"std_dev":{"confidence_interval":{"confidence_level":0.95,"lower_bound":0.008105091437386228,"upper_bound":0.017207852882393432},"point_estimate":0.01292511386896288,"standard_error":0.0023398936757220074}}