{"mean":{"confidence_interval":{"confidence_level":0.95,"lower_bound":3.949517678873333,"upper_bound":3.9563460250783695},"point_estimate":3.952907060328587,"standard_error":0.001737093778566772},"median":{"confidence_interval":{"confidence_level":0.95,"lower_bound":3.9484000273694533,"upper_bound":3.960034238133544},"point_estimate":3.9545010218404437,"standard_error":0.0034142468716995182},"median_abs_dev":{"confidence_interval":{"confidence_level":0.95,"lower_bound":0.015027156474653074,"upper_bound":0.025011901129637994},"point_estimate":0.021298175755173922,"standard_error":0.0025999943257086597},"slope":{"confidence_interval":{"confidence_level":0.95,"lower_bound":3.948957079228177,"upper_bound":3.9562768778317103},"point_estimate":3.952735026594071,"standard_error":0.0018633846635356277},"std_dev":{"confidence_interval":{"confidence_level":0.95,"lower_bound":0.015222052746301618,"upper_bound":0.01993066062532143},"point_estimate":0.017590893342267103,"standard_error":0.0012103569003035803}}