{"mean":{"confidence_interval":{"confidence_level":0.95,"lower_bound":1116.494901124093,"upper_bound":1119.0374851846839},"point_estimate":1117.6636786188521,"standard_error":0.6489841773772327},"median":{"confidence_interval":{"confidence_level":0.95,"lower_bound":1114.9146316437514,"upper_bound":1117.868155808704},"point_estimate":1115.7722815487778,"standard_error":0.724356164680326},"median_abs_dev":{"confidence_interval":{"confidence_level":0.95,"lower_bound":3.6381265591531706,"upper_bound":6.325910338443122},"point_estimate":4.630220829367715,"standard_error":0.6545621511960668},"slope":{"confidence_interval":{"confidence_level":0.95,"lower_bound":1116.9778106823007,"upper_bound":1119.3839834163596},"point_estimate":1118.1579284210554,"standard_error":0.6144139345052559},"std_dev":{"confidence_interval":{"confidence_level":0.95,"lower_bound":4.319024875219475,"upper_bound":9.04374233868349},"point_estimate":6.518999979810564,"standard_error":1.3728761046688784}}